﻿<?xml version="1.0" encoding="utf-8" ?>
<DataBindDemo>
  <item>Norman</item>
  <item>Devendra</item>
  <item>Pramod</item>
  <item>Shrikanth</item>
  <item>Vikram</item>
  <item>Prashanth</item>
  <item>vipul</item>
  <item>Narayanan</item>
  <item>Mohammed</item>
  <item>Sharath</item>
  <item>Somashekhar</item>
  <item>Anju</item>
  <item>Anand</item>
  <item>Rajan</item>
  <item>Archana</item>
  <item>Suchita</item>
  <item>Krishna</item>
  <item>Anway</item>
  <item>Saravana</item>
  <item>Nidhiben</item>
  <item>Sandesh</item>
  <item>Sankar</item>
  <item>Smitha</item>
  <item>Ketan</item>
</DataBindDemo>
